% Model,Untitled.mph
% Version,COMSOL 6.1.0.282
% Date,"Aug 5 2026, 18:56"
% Dimension,2
% Nodes,281
% Expressions,1
% Description,Temperature
% Length unit,mm
% X,Y,T (K)
79.10627511135024,8,304.3386713415949
79.33974681735322,7.315306761768088,304.2433409220546
80,8,304.4075948416041
80,6.966365760694673,304.20388789942695
78.60133637880416,7.222074205494075,304.1911908210631
78.16278610255898,8,304.2785251334176
79.16967871842314,6.417206769551255,304.1152488341986
80,5.750055283756023,304.05512355924924
78.21879330616422,6.4145411468462825,304.062974443869
77.52894929528172,7.022185771778426,304.0682452423436
77,8,304.1333355461839
78.61226551541674,5.197460348231823,303.9705089637625
80,4.239841177199357,303.93034953697963
77.25515094237225,5.816324135621545,303.9237198726042
76.23803640582372,6.726084890890294,303.8618868923135
75.53047132523172,8,303.78220399684
80,2.3647061852545246,303.84038752269333
78.33710127837071,3.272891006298425,303.84143175627077
77.16095952078851,4.372384920354888,303.8246161229181
78.29647691682007,1.6224691238782787,303.7882070103013
80,0,303.80300886426124
75.63644001496979,5.065067643915393,303.708604072583
74.46839227382728,6.455139705439503,303.59874471861866
73.6739316822962,8,303.4964847482533
77.1859598632684,0,303.71958154110825
75.96383985281314,2.5101814677072576,303.66218438956906
73.68404873649185,4.257862155291555,303.45194596039545
72.37290503298411,6.234097800141507,303.2955778122118
71.34836751658547,8,303.14689803077664
74.21882380455025,0,303.47054838394087
72.7342615926423,1.9855988386104504,303.3036219156366
71.1326897012875,4.118584224479274,303.0956471777902
69.83612822551274,6.0586143310592435,302.90283373106496
68.64673236191462,8,302.7076472758141
71.25007381378097,0,303.0951046216904
69.77496872401024,2.0244271675124033,302.87480435787376
68.38604693620066,4.030541831385866,302.6512117246803
67.1300278041041,5.968462130348814,302.4363465350912
65.82336618095731,8,302.19923157348484
68.28132073820677,0,302.62160331136874
66.86541956194321,2.0118381105988306,302.3680730191182
65.66347265673099,3.9314731683687913,302.14721787001514
64.52145168293282,5.727225403518474,301.93797913333634
63,8,301.6391288403965
62.51623127423983,5.547455809853852,301.52317543097774
65.31256766263255,0,302.05761656769704
61.00107906788538,6.445292616267857,301.23695551380655
60.999999999999986,8,301.3877357157665
64.02462656128394,1.876168223990426,301.7897693508202
63.07208504131684,3.9619280660446305,301.6053152447535
60.9223205973681,4.500455844390402,301.1101341889751
59.37014797706951,5.631444755242261,300.74458945773046
62.34381458705834,0,301.39280028274874
59.00000000000001,8,300.9565572541317
57.3750302712806,5.8795106616237875,300.0980221351538
60.89769937649423,2.131534862812932,301.04145651694506
58.74516819774137,4.005167272801499,300.47934352972294
59.37506151148412,0,300.60493014282486
56.200000000000024,8,299.6978831754696
54.69455532271545,6.00958278933748,299.1200585503368
56.14650999072629,3.9856241713346323,299.62628493069786
57.759300973509525,1.9024333414049843,300.1301011598717
56.40630843590991,0,299.6857637699963
53.40000000000003,8,298.6216389428409
51.958841697386354,6.0344125012583065,298.0545257879344
53.36225534075165,4.074054712818827,298.6203441508209
54.874889030834936,2.0080940197601187,299.1700522397902
53.43755536033569,0,298.6627522505641
50.600000000000016,8,297.4627031711283
49.209147191019845,5.956891626091431,296.8823586949397
50.53585608820847,4.0254400618788875,297.53060313064196
51.91802107304264,2.009822633338501,298.10248837113755
50.46880228476148,0,297.5876324825503
47.8,8,296.0995241417132
46.60797303527804,5.749576846063077,295.68523051447806
47.75953448490683,3.93753930208849,296.4319156411365
48.945922651275666,1.9995534716813261,297.0037049055241
47.50004920918727,0,296.54650696540864
45,8,293.15
44.52742372877925,5.593706276777386,294.89275025151676
45.12630827769706,4.0082013844712225,295.47502840292424
46.131999665961885,1.8855724223449946,296.0504618143713
44.531296133613054,0,295.67794728183503
42.98487447463364,4.5403124061364855,294.83973380478665
42.99678712827118,6.445818649674553,294.24775593301007
43,8,293.6851914358945
41.41173586236697,5.614649354923323,294.3946508620355
42.99550256484356,2.238203170040052,295.2281735191182
41.56254305803885,0,295.10071712620726
40.79879959446129,4.001889439974989,294.694866504403
41,8,293.15
39.300540530272706,5.777968774246131,294.39835080727556
39.871983360046535,1.889318222809526,294.84336960436787
38.59378998246463,0,294.7924627811835
38.22816077460437,3.950884711694416,294.60382869202095
36.767736838446645,5.969687001911633,294.4812603018809
38.199999999999996,8,294.3428721582519
36.99623724540709,2.002808017210686,294.6621063957234
35.625036906890415,0,294.6234445463141
35.45260526105674,4.05927067225287,294.54456186113845
34.02511446474606,6.029997853276379,294.4691055621242
35.39999999999999,8,294.4664837327662
34.07809157293915,2.023691691563466,294.53648332458266
32.6562838313162,0,294.4781839451706
32.637555515633586,4.038431482236016,294.4452846191819
31.290842654754112,5.999935511677742,294.3543182581577
32.599999999999994,8,294.41074898944817
31.124541347394185,2.022596379877787,294.38524833495734
29.68753075574199,0,294.30431743179093
29.850706431287755,3.9907407858018513,294.2846263359683
28.63538236489798,5.901856584924587,294.1615213154842
29.79999999999999,8,294.24234925603054
28.256502065040003,1.885120522711259,294.1979755941077
26.718777680167776,0,294.0979191595787
27.22141733055762,4.053856460704454,294.0804238217184
26.564936035309454,5.713496356727523,293.9694131665054
27,8,293.9068263976633
25.084564350239226,2.217063314215491,293.95410868184985
23.750024604593563,0,293.88593480329484
25.043171556723166,4.623184433905944,293.86558021265097
21.984488264306087,1.908751291808357,293.7473847624569
20.78127152901935,0,293.7074305481954
25.00162440469125,6.568352775636519,293.7572678920212
25,8,293.70860200176315
22.888075964986413,4.040742779225369,293.71330692720795
23.46720917323306,5.675515911045092,293.64486863311015
19.09099452430757,1.9913918049007453,293.6010772579644
17.81251845344514,0,293.5823623237528
20.30100728155191,3.992662682347741,293.56135296912885
23,8,293.15
21.44801516386502,5.827279042029588,293.4647506439082
16.120151685584233,2.007558338844329,293.5075153187333
14.843765377870923,0,293.50231682390097
17.546529931938693,4.039378516404045,293.4637873979362
18.829614391460876,5.97535673767372,293.35691092155736
20.199999999999996,8,293.15
13.152969004039402,1.9386272206220665,293.45048879630355
11.87501230229671,0,293.4488905611418
10.312494654839286,1.7500428681209945,293.4124940940896
8.906259226722499,0,293.40512343194234
14.713034887629723,3.9575468878258935,293.41154950189093
16.08213397140965,5.992820185260946,293.31320594073503
17.399999999999995,8,293.15
1.965500931448121,1.7621423726923195,293.2387738463182
0,0,293.15
2.968753075574071,0,293.27765564220414
0,2.6666666666666665,293.15
4.410920106729179,1.7940206452604002,293.31346767657647
5.937506151148284,0,293.3546406238283
7.450423305364037,2.6657902452598874,293.35836690998104
12.039383145791865,3.84311707945394,293.3809231333657
9.835465623968362,3.7870331093109693,293.3591236702812
13.337041587014484,5.92377998637004,293.29338916417595
14.599999999999994,8,293.15
2.345656629639854,3.9339524842890397,293.2405584180463
0,5.333333333333333,293.15
4.982446771964989,3.9991800414701792,293.29680341703266
6.646967382036806,4.881998860051852,293.2937135420663
1.7007853445149304,6.238677112984239,293.207219879041
0,8,293.15
8.571326525502897,5.114046437864708,293.30037178794856
10.787697156798005,5.749196251308291,293.2863402992876
11.799999999999997,8,293.15
3.6582700929347958,5.926099747298818,293.24407343053144
6.99826901227488,6.213011238799084,293.2450915115065
5.424844844151764,5.5406124787657385,293.2642066512867
2.5,8,293.2171223462622
9.000000000000002,8,293.15
7,8,293.15
5,8,293.15
7.00000000001353,9.757322175732336,293.40283788696246
9.000000000000002,10.999999999999996,293.5659663865547
7.00000000008117,12.543933054394017,293.75056412754367
9.000000000000002,13.999999999999998,293.9063025210085
5,11,293.56596638655463
7.000000000328815,15.50627615063051,294.0486628561899
9.000000000000002,17,294.17100840336155
5,14,293.90630252100857
7.00000000102363,18.4937238493815,294.27460427878447
9.000000000000002,20.000000000000004,294.3600840336137
5,17,294.1710084033615
7.00000000239142,21.456066945628475,294.4245910604936
9.000000000000002,23,294.473529411765
5,20,294.36008403361365
7.00000000351763,24.24267782430128,294.49836898643224
9.000000000000002,26.000000000000004,294.51134453781543
5,23.000000000000004,294.473529411765
6.999999999999999,26.000000000000004,294.51134453781543
5,26.000000000000004,294.5113445378155
25.00000000351763,24.24267782430128,293.3187965870829
27,23,293.4224977424975
27,26.000000000000004,293.15
25,26.000000000000004,293.15
23,26.000000000000004,293.15
25.00000000239142,21.456066945628475,293.5332573373643
27.000000000000004,20.000000000000004,293.61938201913796
23,23.000000000000004,293.4224940211486
25.000000001023633,18.4937238493815,293.6896864779363
27,17,293.7408190982857
23,20,293.6193410044409
25.000000000328814,15.50627615063051,293.7727583767333
27,13.999999999999998,293.78863212000897
23,17,293.740374053641
25.000000000081172,12.543933054394017,293.7808852671258
27,10.999999999999996,293.78150709126123
23,14,293.7838030746032
25.00000000001353,9.757322175732336,293.72773592016034
23,11,293.732309077547
43.00000000351762,24.24267782430128,293.1668081960122
45,23,293.15
45,26.000000000000004,293.15
43,26.000000000000004,293.1668073534984
41,26.000000000000004,293.15
43.000000002391424,21.456066945628475,293.16681952120774
45,20.000000000000004,293.15
41,23.000000000000004,293.15
43.00000000102363,18.4937238493815,293.16694137651666
45,17,293.15
41,20,293.15
43.00000000032882,15.50627615063051,293.1682529524419
45,13.999999999999998,293.15
41,17,293.15
43.00000000008117,12.543933054394017,293.1820574019502
45,10.999999999999996,293.15
41,14,293.15
43.00000000001353,9.757322175732336,293.30677262697196
41.00000000000001,11,293.15
61.00000000351762,24.24267782430128,302.7065782803765
63,23,302.6817406004644
63,26.000000000000004,302.7195541706357
60.999999999999986,26.000000000000004,302.7195538317607
59.00000000000001,26.000000000000004,302.7195534928833
61.00000000239141,21.456066945628475,302.63280035419115
63,20.000000000000004,302.56831383682356
59,23.000000000000004,302.6817368110101
61.00000000102363,18.4937238493815,302.4828135881824
63,17,302.3794400649987
59.00000000000001,20,302.56827281863525
61.00000000032881,15.50627615063051,302.2568725021119
63,13.999999999999998,302.1169317887461
59,17,302.37899502032064
61.00000000008118,12.543933054394017,301.9586797420913
62.999999999999986,10.999999999999996,301.7994328638186
59.00000000000001,14,302.1121072815483
61.00000000001353,9.757322175732336,301.61409587967046
59.00000000000001,11,301.7496385088641
78.99647151847044,24.17028357217585,305.68499080030784
81,23.239759759822803,305.66704600239336
81,26.000000000000004,305.69905763176115
78.99999999999999,26.000000000000004,305.6990574501697
77,26.000000000000004,305.6990572684505
79.00738079912222,21.3618897734763,305.608670646931
81,20.479519519645603,305.57101564090976
77,23.274705423945353,305.6678497773743
81,17.71927927946841,305.4110123716966
78.96862940922293,18.599602526701062,305.46894816248147
77,20.54941084789071,305.57422302495604
79.79857432656206,14.009019606822545,305.09563997586326
81,13.090933538370265,305.00139212357783
81,15.161545002022986,305.20597716500623
78.91553741886268,15.699419351382298,305.25322821448407
77,17.82411627183606,305.4181349409269
80.13849220269456,9.486087368153504,304.58641735020177
81,8.990809282918754,304.55083667906325
81,10.124748405481917,304.6666737888772
79.6842209403126,12.434849941175822,304.92806475332736
81,11.44278860805202,304.8179742244914
78.39311327363505,13.658350201161372,305.05832938584484
77,15.149002180334197,305.2038312783144
80.34481184365526,8.646495283676634,304.5081438374714
81,8,304.50242323064094
79.58556701558167,8.75557976731091,304.47758511404385
79.59972050527007,10.66997902762272,304.71927926797304
79.25017898334637,9.545390520759046,304.5685668870761
78.31391866675571,11.738028366708601,304.8406332689805
77,12.767188136598541,304.96004775663687
78.69052771615499,8.844943338957334,304.44657535007764
78.23658747703048,9.970363101750767,304.60308352297073
77,10.8643206950257,304.72192820928854
77.8017743952312,8.798327221192755,304.39983002202626
77,9.331554212711664,304.4822251955767
